a.java,
b.java,
c.java,
d.java,
k.mp3,
l.mp4,
jk.py,
a.java,
b.java,
c.java,
d.java,
k.mp3,
l.mp4,
jk.py,a.java,
b.java,
c.java,
d.java,
k.mp3,
l.mp4,
jk.py,a.java,
b.java,
c.java,
d.java,
k.mp3,
l.mp4,
jk.py,a.java,
b.java,
c.java,
d.java,
k.mp3,
l.mp4,
jk.py,a.java,
b.java,
c.java,
d.java,
k.mp3,
l.mp4,
jk.py,a.java,
b.java,
c.java,
d.java,
k.mp3,
l.mp4,
jk.py,
a.java,
b.java,
c.java,
d.java,
k.mp3,
l.mp4,
jk.py,a.java,
b.java,
c.java,
d.java,
k.mp3,
l.mp4,
jk.py,a.java,
b.java,
c.java,
d.java,
k.mp3,
l.mp4,
jk.py,a.java,
b.java,
c.java,
d.java,
k.mp3,
l.mp4,
jk.py,a.java,
b.java,
c.java,
d.java,
k.mp3,
l.mp4,
jk.py,a.java,
b.java,
c.java,
d.java,
k.mp3,
l.mp4,
jk.py,
a.java,
b.java,
c.java,
d.java,
k.mp3,
l.mp4,
jk.py,a.java,
b.java,
c.java,
d.java,
k.mp3,
l.mp4,
jk.py,a.java,
b.java,
c.java,
d.java,
k.mp3,
l.mp4,
jk.py,a.java,
b.java,
c.java,
d.java,
k.mp3,
l.mp4,
jk.py,a.java,
b.java,
c.java,
d.java,
k.mp3,
l.mp4,
jk.py,a.java,
b.java,
c.java,
d.java,
k.mp3,
l.mp4,
jk.py,
a.java,
b.java,
c.java,
d.java,
k.mp3,
l.mp4,
jk.py,a.java,
b.java,
c.java,
d.java,
k.mp3,
l.mp4,
jk.py,a.java,
b.java,
c.java,
d.java,
k.mp3,
l.mp4,
jk.py,a.java,
b.java,
c.java,
d.java,
k.mp3,
l.mp4,
jk.py,a.java,
b.java,
c.java,
d.java,
k.mp3,
l.mp4,
jk.py,a.java,
b.java,
c.java,
d.java,
k.mp3,
l.mp4,
jk.py,
a.java,
b.java,
c.java,
d.java,
k.mp3,
l.mp4,
jk.py,a.java,
b.java,
c.java,
d.java,
k.mp3,
l.mp4,
jk.py,a.java,
b.java,
c.java,
d.java,
k.mp3,
l.mp4,
jk.py,a.java,
b.java,
c.java,
d.java,
k.mp3,
l.mp4,
jk.py,a.java,
b.java,
c.java,
d.java,
k.mp3,
l.mp4,
jk.py,a.java,
b.java,
c.java,
d.java,
k.mp3,
l.mp4,
jk.py,
a.java,
b.java,
c.java,
d.java,
k.mp3,
l.mp4,
jk.py,a.java,
b.java,
c.java,
d.java,
k.mp3,
l.mp4,
jk.py,a.java,
b.java,
c.java,
d.java,
k.mp3,
l.mp4,
jk.py,a.java,
b.java,
c.java,
d.java,
k.mp3,
l.mp4,
jk.py,a.java,
b.java,
c.java,
d.java,
k.mp3,
l.mp4,
jk.py,a.java,
b.java,
c.java,
d.java,
k.mp3,
l.mp4,
jk.py,
a.java,
b.java,
c.java,
d.java,
k.mp3,
l.mp4,
jk.py,a.java,
b.java,
c.java,
d.java,
k.mp3,
l.mp4,
jk.py,a.java,
b.java,
c.java,
d.java,
k.mp3,
l.mp4,
jk.py,a.java,
b.java,
c.java,
d.java,
k.mp3,
l.mp4,
jk.py,a.java,
b.java,
c.java,
d.java,
k.mp3,
l.mp4,
jk.py,a.java,
b.java,
c.java,
d.java,
k.mp3,
l.mp4,
jk.py,
a.java,
b.java,
c.java,
d.java,
k.mp3,
l.mp4,
jk.py,a.java,
b.java,
c.java,
d.java,
k.mp3,
l.mp4,
jk.py,a.java,
b.java,
c.java,
d.java,
k.mp3,
l.mp4,
jk.py,a.java,
b.java,
c.java,
d.java,
k.mp3,
l.mp4,
jk.py,a.java,
b.java,
c.java,
d.java,
k.mp3,
l.mp4,
jk.py,a.java,
b.java,
c.java,
d.java,
k.mp3,
l.mp4,
jk.py,
a.java,
b.java,
c.java,
d.java,
k.mp3,
l.mp4,
jk.py,a.java,
b.java,
c.java,
d.java,
k.mp3,
l.mp4,
jk.py,a.java,
b.java,
c.java,
d.java,
k.mp3,
l.mp4,
jk.py,a.java,
b.java,
c.java,
d.java,
k.mp3,
l.mp4,
jk.py,a.java,
b.java,
c.java,
d.java,
k.mp3,
l.mp4,
jk.py,a.java,
b.java,
c.java,
d.java,
k.mp3,
l.mp4,
jk.py,
a.java,
b.java,
c.java,
d.java,
k.mp3,
l.mp4,
jk.py,a.java,
b.java,
c.java,
d.java,
k.mp3,
l.mp4,
jk.py,a.java,
b.java,
c.java,
d.java,
k.mp3,
l.mp4,
jk.py,a.java,
b.java,
c.java,
d.java,
k.mp3,
l.mp4,
jk.py,a.java,
b.java,
c.java,
d.java,
k.mp3,
l.mp4,
jk.py,a.java,
b.java,
c.java,
d.java,
k.mp3,
l.mp4,
jk.py,
a.java,
b.java,
c.java,
d.java,
k.mp3,
l.mp4,
jk.py,a.java,
b.java,
c.java,
d.java,
k.mp3,
l.mp4,
jk.py,a.java,
b.java,
c.java,
d.java,
k.mp3,
l.mp4,
jk.py,a.java,
b.java,
c.java,
d.java,
k.mp3,
l.mp4,
jk.py,a.java,
b.java,
c.java,
d.java,
k.mp3,
l.mp4,
jk.py,a.java,
b.java,
c.java,
d.java,
k.mp3,
l.mp4,
jk.py,
a.java,
b.java,
c.java,
d.java,
k.mp3,
l.mp4,
jk.py,a.java,
b.java,
c.java,
d.java,
k.mp3,
l.mp4,
jk.py,a.java,
b.java,
c.java,
d.java,
k.mp3,
l.mp4,
jk.py,a.java,
b.java,
c.java,
d.java,
k.mp3,
l.mp4,
jk.py,a.java,
b.java,
c.java,
d.java,
k.mp3,
l.mp4,
jk.py,
a.java,
b.java,
c.java,
d.java,
k.mp3,
l.mp4,
jk.py,
a.java,
b.java,
c.java,
d.java,
k.mp3,
l.mp4,
jk.py,a.java,
b.java,
c.java,
d.java,
k.mp3,
l.mp4,
jk.py,a.java,
b.java,
c.java,
d.java,
k.mp3,
l.mp4,
jk.py,a.java,
b.java,
c.java,
d.java,
k.mp3,
l.mp4,
jk.py,a.java,
b.java,
c.java,
d.java,
k.mp3,
l.mp4,
jk.py,a.java,
b.java,
c.java,
d.java,
k.mp3,
l.mp4,
jk.py,
a.java,
b.java,
c.java,
d.java,
k.mp3,
l.mp4,
jk.py,a.java,
b.java,
c.java,
d.java,
k.mp3,
l.mp4,
jk.py,a.java,
b.java,
c.java,
d.java,
k.mp3,
l.mp4,
jk.py,a.java,
b.java,
c.java,
d.java,
k.mp3,
l.mp4,
jk.py,a.java,
b.java,
c.java,
d.java,
k.mp3,
l.mp4,
jk.py,a.java,
b.java,
c.java,
d.java,
k.mp3,
l.mp4,
jk.py,
a.java,
b.java,
c.java,
d.java,
k.mp3,
l.mp4,
jk.py,a.java,
b.java,
c.java,
d.java,
k.mp3,
l.mp4,
jk.py,a.java,
b.java,
c.java,
d.java,
k.mp3,
l.mp4,
jk.py,a.java,
b.java,
c.java,
d.java,
k.mp3,
l.mp4,
jk.py,a.java,
b.java,
c.java,
d.java,
k.mp3,
l.mp4,
jk.py,a.java,
b.java,
c.java,
d.java,
k.mp3,
l.mp4,
jk.py,
a.java,
b.java,
c.java,
d.java,
k.mp3,
l.mp4,
jk.py,a.java,
b.java,
c.java,
d.java,
k.mp3,
l.mp4,
jk.py,a.java,
b.java,
c.java,
d.java,
k.mp3,
l.mp4,
jk.py,a.java,
b.java,
c.java,
d.java,
k.mp3,
l.mp4,
jk.py,a.java,
b.java,
c.java,
d.java,
k.mp3,
l.mp4,
jk.py,a.java,
b.java,
c.java,
d.java,
k.mp3,
l.mp4,
jk.py,
a.java,
b.java,
c.java,
d.java,
k.mp3,
l.mp4,
jk.py,a.java,
b.java,
c.java,
d.java,
k.mp3,
l.mp4,
jk.py,a.java,
b.java,
c.java,
d.java,
k.mp3,
l.mp4,
jk.py,a.java,
b.java,
c.java,
d.java,
k.mp3,
l.mp4,
jk.py,a.java,
b.java,
c.java,
d.java,
k.mp3,
l.mp4,
jk.py,a.java,
b.java,
c.java,
d.java,
k.mp3,
l.mp4,
jk.py,
a.java,
b.java,
c.java,
d.java,
k.mp3,
l.mp4,
jk.py,a.java,
b.java,
c.java,
d.java,
k.mp3,
l.mp4,
jk.py,a.java,
b.java,
c.java,
d.java,
k.mp3,
l.mp4,
jk.py,a.java,
b.java,
c.java,
d.java,
k.mp3,
l.mp4,
jk.py,a.java,
b.java,
c.java,
d.java,
k.mp3,
l.mp4,
jk.py,a.java,
b.java,
c.java,
d.java,
k.mp3,
l.mp4,
jk.py,
a.java,
b.java,
c.java,
d.java,
k.mp3,
l.mp4,
jk.py,a.java,
b.java,
c.java,
d.java,
k.mp3,
l.mp4,
jk.py,a.java,
b.java,
c.java,
d.java,
k.mp3,
l.mp4,
jk.py,a.java,
b.java,
c.java,
d.java,
k.mp3,
l.mp4,
jk.py,a.java,
b.java,
c.java,
d.java,
k.mp3,
l.mp4,
jk.py,a.java,
b.java,
c.java,
d.java,
k.mp3,
l.mp4,
jk.py,
a.java,
b.java,
c.java,
d.java,
k.mp3,
l.mp4,
jk.py,a.java,
b.java,
c.java,
d.java,
k.mp3,
l.mp4,
jk.py,a.java,
b.java,
c.java,
d.java,
k.mp3,
l.mp4,
jk.py,a.java,
b.java,
c.java,
d.java,
k.mp3,
l.mp4,
jk.py,a.java,
b.java,
c.java,
d.java,
k.mp3,
l.mp4,
jk.py,a.java,
b.java,
c.java,
d.java,
k.mp3,
l.mp4,
jk.py,
a.java,
b.java,
c.java,
d.java,
k.mp3,
l.mp4,
jk.py,a.java,
b.java,
c.java,
d.java,
k.mp3,
l.mp4,
jk.py,a.java,
b.java,
c.java,
d.java,
k.mp3,
l.mp4,
jk.py,a.java,
b.java,
c.java,
d.java,
k.mp3,
l.mp4,
jk.py,a.java,
b.java,
c.java,
d.java,
k.mp3,
l.mp4,
jk.py,a.java,
b.java,
c.java,
d.java,
k.mp3,
l.mp4,
jk.py,
a.java,
b.java,
c.java,
d.java,
k.mp3,
l.mp4,
jk.py,a.java,
b.java,
c.java,
d.java,
k.mp3,
l.mp4,
jk.py,a.java,
b.java,
c.java,
d.java,
k.mp3,
l.mp4,
jk.py,a.java,
b.java,
c.java,
d.java,
k.mp3,
l.mp4,
jk.py,a.java,
b.java,
c.java,
d.java,
k.mp3,
l.mp4,
jk.py,a.java,
b.java,
c.java,
d.java,
k.mp3,
l.mp4,
jk.py,
a.java,
b.java,
c.java,
d.java,
k.mp3,
l.mp4,
jk.py,a.java,
b.java,
c.java,
d.java,
k.mp3,
l.mp4,
jk.py,a.java,
b.java,
c.java,
d.java,
k.mp3,
l.mp4,
jk.py,a.java,
b.java,
c.java,
d.java,
k.mp3,
l.mp4,
jk.py,a.java,
b.java,
c.java,
d.java,
k.mp3,
l.mp4,
jk.py,a.java,
b.java,
c.java,
d.java,
k.mp3,
l.mp4,
jk.py,
a.java,
b.java,
c.java,
d.java,
k.mp3,
l.mp4,
jk.py,a.java,
b.java,
c.java,
d.java,
k.mp3,
l.mp4,
jk.py,a.java,
b.java,
c.java,
d.java,
k.mp3,
l.mp4,
jk.py,a.java,
b.java,
c.java,
d.java,
k.mp3,
l.mp4,
jk.py,a.java,
b.java,
c.java,
d.java,
k.mp3,
l.mp4,
jk.py,a.java,
b.java,
c.java,
d.java,
k.mp3,
l.mp4,
jk.py,
a.java,
b.java,
c.java,
d.java,
k.mp3,
l.mp4,
jk.py,a.java,
b.java,
c.java,
d.java,
k.mp3,
l.mp4,
jk.py,a.java,
b.java,
c.java,
d.java,
k.mp3,
l.mp4,
jk.py,a.java,
b.java,
c.java,
d.java,
k.mp3,
l.mp4,
jk.py,a.java,
b.java,
c.java,
d.java,
k.mp3,
l.mp4,
jk.py,a.java,
b.java,
c.java,
d.java,
k.mp3,
l.mp4,
jk.py,
a.java,
b.java,
c.java,
d.java,
k.mp3,
l.mp4,
jk.py,a.java,
b.java,
c.java,
d.java,
k.mp3,
l.mp4,
jk.py,a.java,
b.java,
c.java,
d.java,
k.mp3,
l.mp4,
jk.py,a.java,
b.java,
c.java,
d.java,
k.mp3,
l.mp4,
jk.py,a.java,
b.java,
c.java,
d.java,
k.mp3,
l.mp4,
jk.py,a.java,
b.java,
c.java,
d.java,
k.mp3,
l.mp4,
jk.py,
a.java,
b.java,
c.java,
d.java,
k.mp3,
l.mp4,
jk.py,a.java,
b.java,
c.java,
d.java,
k.mp3,
l.mp4,
jk.py,a.java,
b.java,
c.java,
d.java,
k.mp3,
l.mp4,
jk.py,a.java,
b.java,
c.java,
d.java,
k.mp3,
l.mp4,
jk.py,a.java,
b.java,
c.java,
d.java,
k.mp3,
l.mp4,
jk.py,a.java,
b.java,
c.java,
d.java,
k.mp3,
l.mp4,
jk.py,
a.java,
b.java,
c.java,
d.java,
k.mp3,
l.mp4,
jk.py,a.java,
b.java,
c.java,
d.java,
k.mp3,
l.mp4,
jk.py,a.java,
b.java,
c.java,
d.java,
k.mp3,
l.mp4,
jk.py,a.java,
b.java,
c.java,
d.java,
k.mp3,
l.mp4,
jk.py,a.java,
b.java,
c.java,
d.java,
k.mp3,
l.mp4,
jk.py,a.java,
b.java,
c.java,
d.java,
k.mp3,
l.mp4,
jk.py,
a.java,
b.java,
c.java,
d.java,
k.mp3,
l.mp4,
jk.py,a.java,
b.java,
c.java,
d.java,
k.mp3,
l.mp4,
jk.py,a.java,
b.java,
c.java,
d.java,
k.mp3,
l.mp4,
jk.py,a.java,
b.java,
c.java,
d.java,
k.mp3,
l.mp4,
jk.py,a.java,
b.java,
c.java,
d.java,
k.mp3,
l.mp4,
jk.py,a.java,
b.java,
c.java,
d.java,
k.mp3,
l.mp4,
jk.py,
a.java,
b.java,
c.java,
d.java,
k.mp3,
l.mp4,
jk.py,a.java,
b.java,
c.java,
d.java,
k.mp3,
l.mp4,
jk.py,a.java,
b.java,
c.java,
d.java,
k.mp3,
l.mp4,
jk.py,a.java,
b.java,
c.java,
d.java,
k.mp3,
l.mp4,
jk.py,a.java,
b.java,
c.java,
d.java,
k.mp3,
l.mp4,
jk.py,a.java,
b.java,
c.java,
d.java,
k.mp3,
l.mp4,
jk.py,
a.java,
b.java,
c.java,
d.java,
k.mp3,
l.mp4,
jk.py,a.java,
b.java,
c.java,
d.java,
k.mp3,
l.mp4,
jk.py,a.java,
b.java,
c.java,
d.java,
k.mp3,
l.mp4,
jk.py,a.java,
b.java,
c.java,
d.java,
k.mp3,
l.mp4,
jk.py,a.java,
b.java,
c.java,
d.java,
k.mp3,
l.mp4,
jk.py,a.java,
b.java,
c.java,
d.java,
k.mp3,
l.mp4,
jk.py,
a.java,
b.java,
c.java,
d.java,
k.mp3,
l.mp4,
jk.py,a.java,
b.java,
c.java,
d.java,
k.mp3,
l.mp4,
jk.py,a.java,
b.java,
c.java,
d.java,
k.mp3,
l.mp4,
jk.py,a.java,
b.java,
c.java,
d.java,
k.mp3,
l.mp4,
jk.py,a.java,
b.java,
c.java,
d.java,
k.mp3,
l.mp4,
jk.py,a.java,
b.java,
c.java,
d.java,
k.mp3,
l.mp4,
jk.py,
a.java,
b.java,
c.java,
d.java,
k.mp3,
l.mp4,
jk.py,a.java,
b.java,
c.java,
d.java,
k.mp3,
l.mp4,
jk.py,a.java,
b.java,
c.java,
d.java,
k.mp3,
l.mp4,
jk.py,a.java,
b.java,
c.java,
d.java,
k.mp3,
l.mp4,
jk.py,a.java,
b.java,
c.java,
d.java,
k.mp3,
l.mp4,
jk.py,a.java,
b.java,
c.java,
d.java,
k.mp3,
l.mp4,
jk.py,
a.java,
b.java,
c.java,
d.java,
k.mp3,
l.mp4,
jk.py,a.java,
b.java,
c.java,
d.java,
k.mp3,
l.mp4,
jk.py,a.java,
b.java,
c.java,
d.java,
k.mp3,
l.mp4,
jk.py,a.java,
b.java,
c.java,
d.java,
k.mp3,
l.mp4,
jk.py,a.java,
b.java,
c.java,
d.java,
k.mp3,
l.mp4,
jk.py,a.java,
b.java,
c.java,
d.java,
k.mp3,
l.mp4,
jk.py,
a.java,
b.java,
c.java,
d.java,
k.mp3,
l.mp4,
jk.py,a.java,
b.java,
c.java,
d.java,
k.mp3,
l.mp4,
jk.py,a.java,
b.java,
c.java,
d.java,
k.mp3,
l.mp4,
jk.py,a.java,
b.java,
c.java,
d.java,
k.mp3,
l.mp4,
jk.py,a.java,
b.java,
c.java,
d.java,
k.mp3,
l.mp4,
jk.py,a.java,
b.java,
c.java,
d.java,
k.mp3,
l.mp4,
jk.py,
a.java,
b.java,
c.java,
d.java,
k.mp3,
l.mp4,
jk.py,a.java,
b.java,
c.java,
d.java,
k.mp3,
l.mp4,
jk.py,a.java,
b.java,
c.java,
d.java,
k.mp3,
l.mp4,
jk.py,a.java,
b.java,
c.java,
d.java,
k.mp3,
l.mp4,
jk.py,a.java,
b.java,
c.java,
d.java,
k.mp3,
l.mp4,
jk.py,a.java,
b.java,
c.java,
d.java,
k.mp3,
l.mp4,
jk.py,
a.java,
b.java,
c.java,
d.java,
k.mp3,
l.mp4,
jk.py,a.java,
b.java,
c.java,
d.java,
k.mp3,
l.mp4,
jk.py,a.java,
b.java,
c.java,
d.java,
k.mp3,
l.mp4,
jk.py,a.java,
b.java,
c.java,
d.java,
k.mp3,
l.mp4,
jk.py,a.java,
b.java,
c.java,
d.java,
k.mp3,
l.mp4,
jk.py,a.java,
b.java,
c.java,
d.java,
k.mp3,
l.mp4,
jk.py,
a.java,
b.java,
c.java,
d.java,
k.mp3,
l.mp4,
jk.py,a.java,
b.java,
c.java,
d.java,
k.mp3,
l.mp4,
jk.py,a.java,
b.java,
c.java,
d.java,
k.mp3,
l.mp4,
jk.py,a.java,
b.java,
c.java,
d.java,
k.mp3,
l.mp4,
jk.py,a.java,
b.java,
c.java,
d.java,
k.mp3,
l.mp4,
jk.py,a.java,
b.java,
c.java,
d.java,
k.mp3,
l.mp4,
jk.py,
a.java,
b.java,
c.java,
d.java,
k.mp3,
l.mp4,
jk.py,a.java,
b.java,
c.java,
d.java,
k.mp3,
l.mp4,
jk.py,a.java,
b.java,
c.java,
d.java,
k.mp3,
l.mp4,
jk.py,a.java,
b.java,
c.java,
d.java,
k.mp3,
l.mp4,
jk.py,a.java,
b.java,
c.java,
d.java,
k.mp3,
l.mp4,
jk.py,a.java,
b.java,
c.java,
d.java,
k.mp3,
l.mp4,
jk.py,
a.java,
b.java,
c.java,
d.java,
k.mp3,
l.mp4,
jk.py,a.java,
b.java,
c.java,
d.java,
k.mp3,
l.mp4,
jk.py,a.java,
b.java,
c.java,
d.java,
k.mp3,
l.mp4,
jk.py,a.java,
b.java,
c.java,
d.java,
k.mp3,
l.mp4,
jk.py,a.java,
b.java,
c.java,
d.java,
k.mp3,
l.mp4,
jk.py,a.java,
b.java,
c.java,
d.java,
k.mp3,
l.mp4,
jk.py,
a.java,
b.java,
c.java,
d.java,
k.mp3,
l.mp4,
jk.py,a.java,
b.java,
c.java,
d.java,
k.mp3,
l.mp4,
jk.py,a.java,
b.java,
c.java,
d.java,
k.mp3,
l.mp4,
jk.py,a.java,
b.java,
c.java,
d.java,
k.mp3,
l.mp4,
jk.py,a.java,
b.java,
c.java,
d.java,
k.mp3,
l.mp4,
jk.py,a.java,
b.java,
c.java,
d.java,
k.mp3,
l.mp4,
jk.py,
a.java,
b.java,
c.java,
d.java,
k.mp3,
l.mp4,
jk.py,a.java,
b.java,
c.java,
d.java,
k.mp3,
l.mp4,
jk.py,a.java,
b.java,
c.java,
d.java,
k.mp3,
l.mp4,
jk.py,a.java,
b.java,
c.java,
d.java,
k.mp3,
l.mp4,
jk.py,a.java,
b.java,
c.java,
d.java,
k.mp3,
l.mp4,
jk.py,a.java,
b.java,
c.java,
d.java,
k.mp3,
l.mp4,
jk.py,
a.java,
b.java,
c.java,
d.java,
k.mp3,
l.mp4,
jk.py,a.java,
b.java,
c.java,
d.java,
k.mp3,
l.mp4,
jk.py,a.java,
b.java,
c.java,
d.java,
k.mp3,
l.mp4,
jk.py,a.java,
b.java,
c.java,
d.java,
k.mp3,
l.mp4,
jk.py,a.java,
b.java,
c.java,
d.java,
k.mp3,
l.mp4,
jk.py,a.java,
b.java,
c.java,
d.java,
k.mp3,
l.mp4,
jk.py,
a.java,
b.java,
c.java,
d.java,
k.mp3,
l.mp4,
jk.py,a.java,
b.java,
c.java,
d.java,
k.mp3,
l.mp4,
jk.py,a.java,
b.java,
c.java,
d.java,
k.mp3,
l.mp4,
jk.py,a.java,
b.java,
c.java,
d.java,
k.mp3,
l.mp4,
jk.py,a.java,
b.java,
c.java,
d.java,
k.mp3,
l.mp4,
jk.py,a.java,
b.java,
c.java,
d.java,
k.mp3,
l.mp4,
jk.py,
a.java,
b.java,
c.java,
d.java,
k.mp3,
l.mp4,
jk.py,a.java,
b.java,
c.java,
d.java,
k.mp3,
l.mp4,
jk.py,a.java,
b.java,
c.java,
d.java,
k.mp3,
l.mp4,
jk.py,a.java,
b.java,
c.java,
d.java,
k.mp3,
l.mp4,
jk.py,a.java,
b.java,
c.java,
d.java,
k.mp3,
l.mp4,
jk.py,a.java,
b.java,
c.java,
d.java,
k.mp3,
l.mp4,
jk.py,
a.java,
b.java,
c.java,
d.java,
k.mp3,
l.mp4,
jk.py,a.java,
b.java,
c.java,
d.java,
k.mp3,
l.mp4,
jk.py,a.java,
b.java,
c.java,
d.java,
k.mp3,
l.mp4,
jk.py,a.java,
b.java,
c.java,
d.java,
k.mp3,
l.mp4,
jk.py,a.java,
b.java,
c.java,
d.java,
k.mp3,
l.mp4,
jk.py,a.java,
b.java,
c.java,
d.java,
k.mp3,
l.mp4,
jk.py,
a.java,
b.java,
c.java,
d.java,
k.mp3,
l.mp4,
jk.py,a.java,
b.java,
c.java,
d.java,
k.mp3,
l.mp4,
jk.py,a.java,
b.java,
c.java,
d.java,
k.mp3,
l.mp4,
jk.py,a.java,
b.java,
c.java,
d.java,
k.mp3,
l.mp4,
jk.py,a.java,
b.java,
c.java,
d.java,
k.mp3,
l.mp4,
jk.py,a.java,
b.java,
c.java,
d.java,
k.mp3,
l.mp4,
jk.py,
a.java,
b.java,
c.java,
d.java,
k.mp3,
l.mp4,
jk.py,a.java,
b.java,
c.java,
d.java,
k.mp3,
l.mp4,
jk.py,a.java,
b.java,
c.java,
d.java,
k.mp3,
l.mp4,
jk.py,a.java,
b.java,
c.java,
d.java,
k.mp3,
l.mp4,
jk.py,a.java,
b.java,
c.java,
d.java,
k.mp3,
l.mp4,
jk.py,a.java,
b.java,
c.java,
d.java,
k.mp3,
l.mp4,
jk.py,
a.java,
b.java,
c.java,
d.java,
k.mp3,
l.mp4,
jk.py,a.java,
b.java,
c.java,
d.java,
k.mp3,
l.mp4,
jk.py,a.java,
b.java,
c.java,
d.java,
k.mp3,
l.mp4,
jk.py,a.java,
b.java,
c.java,
d.java,
k.mp3,
l.mp4,
jk.py,a.java,
b.java,
c.java,
d.java,
k.mp3,
l.mp4,
jk.py,a.java,
b.java,
c.java,
d.java,
k.mp3,
l.mp4,
jk.py,
a.java,
b.java,
c.java,
d.java,
k.mp3,
l.mp4,
jk.py,a.java,
b.java,
c.java,
d.java,
k.mp3,
l.mp4,
jk.py,a.java,
b.java,
c.java,
d.java,
k.mp3,
l.mp4,
jk.py,a.java,
b.java,
c.java,
d.java,
k.mp3,
l.mp4,
jk.py,a.java,
b.java,
c.java,
d.java,
k.mp3,
l.mp4,
jk.py,a.java,
b.java,
c.java,
d.java,
k.mp3,
l.mp4,
jk.py,
a.java,
b.java,
c.java,
d.java,
k.mp3,
l.mp4,
jk.py,a.java,
b.java,
c.java,
d.java,
k.mp3,
l.mp4,
jk.py,a.java,
b.java,
c.java,
d.java,
k.mp3,
l.mp4,
jk.py,a.java,
b.java,
c.java,
d.java,
k.mp3,
l.mp4,
jk.py,a.java,
b.java,
c.java,
d.java,
k.mp3,
l.mp4,
jk.py,a.java,
b.java,
c.java,
d.java,
k.mp3,
l.mp4,
jk.py,
a.java,
b.java,
c.java,
d.java,
k.mp3,
l.mp4,
jk.py,a.java,
b.java,
c.java,
d.java,
k.mp3,
l.mp4,
jk.py,a.java,
b.java,
c.java,
d.java,
k.mp3,
l.mp4,
jk.py,a.java,
b.java,
c.java,
d.java,
k.mp3,
l.mp4,
jk.py,a.java,
b.java,
c.java,
d.java,
k.mp3,
l.mp4,
jk.py,a.java,
b.java,
c.java,
d.java,
k.mp3,
l.mp4,
jk.py,
a.java,
b.java,
c.java,
d.java,
k.mp3,
l.mp4,
jk.py,a.java,
b.java,
c.java,
d.java,
k.mp3,
l.mp4,
jk.py,a.java,
b.java,
c.java,
d.java,
k.mp3,
l.mp4,
jk.py,a.java,
b.java,
c.java,
d.java,
k.mp3,
l.mp4,
jk.py,a.java,
b.java,
c.java,
d.java,
k.mp3,
l.mp4,
jk.py,a.java,
b.java,
c.java,
d.java,
k.mp3,
l.mp4,
jk.py,
a.java,
b.java,
c.java,
d.java,
k.mp3,
l.mp4,
jk.py,a.java,
b.java,
c.java,
d.java,
k.mp3,
l.mp4,
jk.py,a.java,
b.java,
c.java,
d.java,
k.mp3,
l.mp4,
jk.py,a.java,
b.java,
c.java,
d.java,
k.mp3,
l.mp4,
jk.py,a.java,
b.java,
c.java,
d.java,
k.mp3,
l.mp4,
jk.py,a.java,
b.java,
c.java,
d.java,
k.mp3,
l.mp4,
jk.py,
a.java,
b.java,
c.java,
d.java,
k.mp3,
l.mp4,
jk.py,a.java,
b.java,
c.java,
d.java,
k.mp3,
l.mp4,
jk.py,a.java,
b.java,
c.java,
d.java,
k.mp3,
l.mp4,
jk.py,a.java,
b.java,
c.java,
d.java,
k.mp3,
l.mp4,
jk.py,a.java,
b.java,
c.java,
d.java,
k.mp3,
l.mp4,
jk.py,a.java,
b.java,
c.java,
d.java,
k.mp3,
l.mp4,
jk.py,
a.java,
b.java,
c.java,
d.java,
k.mp3,
l.mp4,
jk.py,a.java,
b.java,
c.java,
d.java,
k.mp3,
l.mp4,
jk.py,a.java,
b.java,
c.java,
d.java,
k.mp3,
l.mp4,
jk.py,a.java,
b.java,
c.java,
d.java,
k.mp3,
l.mp4,
jk.py,a.java,
b.java,
c.java,
d.java,
k.mp3,
l.mp4,
jk.py,a.java,
b.java,
c.java,
d.java,
k.mp3,
l.mp4,
jk.py,
a.java,
b.java,
c.java,
d.java,
k.mp3,
l.mp4,
jk.py,a.java,
b.java,
c.java,
d.java,
k.mp3,
l.mp4,
jk.py,a.java,
b.java,
c.java,
d.java,
k.mp3,
l.mp4,
jk.py,a.java,
b.java,
c.java,
d.java,
k.mp3,
l.mp4,
jk.py,a.java,
b.java,
c.java,
d.java,
k.mp3,
l.mp4,
jk.py,a.java,
b.java,
c.java,
d.java,
k.mp3,
l.mp4,
jk.py,
a.java,
b.java,
c.java,
d.java,
k.mp3,
l.mp4,
jk.py,a.java,
b.java,
c.java,
d.java,
k.mp3,
l.mp4,
jk.py,a.java,
b.java,
c.java,
d.java,
k.mp3,
l.mp4,
jk.py,a.java,
b.java,
c.java,
d.java,
k.mp3,
l.mp4,
jk.py,a.java,
b.java,
c.java,
d.java,
k.mp3,
l.mp4,
jk.py,a.java,
b.java,
c.java,
d.java,
k.mp3,
l.mp4,
jk.py,
a.java,
b.java,
c.java,
d.java,
k.mp3,
l.mp4,
jk.py,a.java,
b.java,
c.java,
d.java,
k.mp3,
l.mp4,
jk.py,a.java,
b.java,
c.java,
d.java,
k.mp3,
l.mp4,
jk.py,a.java,
b.java,
c.java,
d.java,
k.mp3,
l.mp4,
jk.py,a.java,
b.java,
c.java,
d.java,
k.mp3,
l.mp4,
jk.py,a.java,
b.java,
c.java,
d.java,
k.mp3,
l.mp4,
jk.py,
a.java,
b.java,
c.java,
d.java,
k.mp3,
l.mp4,
jk.py,a.java,
b.java,
c.java,
d.java,
k.mp3,
l.mp4,
jk.py,a.java,
b.java,
c.java,
d.java,
k.mp3,
l.mp4,
jk.py,a.java,
b.java,
c.java,
d.java,
k.mp3,
l.mp4,
jk.py,a.java,
b.java,
c.java,
d.java,
k.mp3,
l.mp4,
jk.py,
a.java,
b.java,
c.java,
d.java,
k.mp3,
l.mp4,
jk.py,
a.java,
b.java,
c.java,
d.java,
k.mp3,
l.mp4,
jk.py,a.java,
b.java,
c.java,
d.java,
k.mp3,
l.mp4,
jk.py,a.java,
b.java,
c.java,
d.java,
k.mp3,
l.mp4,
jk.py,a.java,
b.java,
c.java,
d.java,
k.mp3,
l.mp4,
jk.py,a.java,
b.java,
c.java,
d.java,
k.mp3,
l.mp4,
jk.py,a.java,
b.java,
c.java,
d.java,
k.mp3,
l.mp4,
jk.py,
a.java,
b.java,
c.java,
d.java,
k.mp3,
l.mp4,
jk.py,a.java,
b.java,
c.java,
d.java,
k.mp3,
l.mp4,
jk.py,a.java,
b.java,
c.java,
d.java,
k.mp3,
l.mp4,
jk.py,a.java,
b.java,
c.java,
d.java,
k.mp3,
l.mp4,
jk.py,a.java,
b.java,
c.java,
d.java,
k.mp3,
l.mp4,
jk.py,a.java,
b.java,
c.java,
d.java,
k.mp3,
l.mp4,
jk.py,
a.java,
b.java,
c.java,
d.java,
k.mp3,
l.mp4,
jk.py,a.java,
b.java,
c.java,
d.java,
k.mp3,
l.mp4,
jk.py,a.java,
b.java,
c.java,
d.java,
k.mp3,
l.mp4,
jk.py,a.java,
b.java,
c.java,
d.java,
k.mp3,
l.mp4,
jk.py,a.java,
b.java,
c.java,
d.java,
k.mp3,
l.mp4,
jk.py,a.java,
b.java,
c.java,
d.java,
k.mp3,
l.mp4,
jk.py,
a.java,
b.java,
c.java,
d.java,
k.mp3,
l.mp4,
jk.py,a.java,
b.java,
c.java,
d.java,
k.mp3,
l.mp4,
jk.py,a.java,
b.java,
c.java,
d.java,
k.mp3,
l.mp4,
jk.py,a.java,
b.java,
c.java,
d.java,
k.mp3,
l.mp4,
jk.py,a.java,
b.java,
c.java,
d.java,
k.mp3,
l.mp4,
jk.py,a.java,
b.java,
c.java,
d.java,
k.mp3,
l.mp4,
jk.py,
a.java,
b.java,
c.java,
d.java,
k.mp3,
l.mp4,
jk.py,a.java,
b.java,
c.java,
d.java,
k.mp3,
l.mp4,
jk.py,a.java,
b.java,
c.java,
d.java,
k.mp3,
l.mp4,
jk.py,a.java,
b.java,
c.java,
d.java,
k.mp3,
l.mp4,
jk.py,a.java,
b.java,
c.java,
d.java,
k.mp3,
l.mp4,
jk.py,a.java,
b.java,
c.java,
d.java,
k.mp3,
l.mp4,
jk.py,
a.java,
b.java,
c.java,
d.java,
k.mp3,
l.mp4,
jk.py,a.java,
b.java,
c.java,
d.java,
k.mp3,
l.mp4,
jk.py,a.java,
b.java,
c.java,
d.java,
k.mp3,
l.mp4,
jk.py,a.java,
b.java,
c.java,
d.java,
k.mp3,
l.mp4,
jk.py,a.java,
b.java,
c.java,
d.java,
k.mp3,
l.mp4,
jk.py,a.java,
b.java,
c.java,
d.java,
k.mp3,
l.mp4,
jk.py,
a.java,
b.java,
c.java,
d.java,
k.mp3,
l.mp4,
jk.py,a.java,
b.java,
c.java,
d.java,
k.mp3,
l.mp4,
jk.py,a.java,
b.java,
c.java,
d.java,
k.mp3,
l.mp4,
jk.py,a.java,
b.java,
c.java,
d.java,
k.mp3,
l.mp4,
jk.py,a.java,
b.java,
c.java,
d.java,
k.mp3,
l.mp4,
jk.py,a.java,
b.java,
c.java,
d.java,
k.mp3,
l.mp4,
jk.py,
a.java,
b.java,
c.java,
d.java,
k.mp3,
l.mp4,
jk.py,a.java,
b.java,
c.java,
d.java,
k.mp3,
l.mp4,
jk.py,a.java,
b.java,
c.java,
d.java,
k.mp3,
l.mp4,
jk.py,a.java,
b.java,
c.java,
d.java,
k.mp3,
l.mp4,
jk.py,a.java,
b.java,
c.java,
d.java,
k.mp3,
l.mp4,
jk.py,a.java,
b.java,
c.java,
d.java,
k.mp3,
l.mp4,
jk.py,
a.java,
b.java,
c.java,
d.java,
k.mp3,
l.mp4,
jk.py,a.java,
b.java,
c.java,
d.java,
k.mp3,
l.mp4,
jk.py,a.java,
b.java,
c.java,
d.java,
k.mp3,
l.mp4,
jk.py,a.java,
b.java,
c.java,
d.java,
k.mp3,
l.mp4,
jk.py,a.java,
b.java,
c.java,
d.java,
k.mp3,
l.mp4,
jk.py,a.java,
b.java,
c.java,
d.java,
k.mp3,
l.mp4,
jk.py,
a.java,
b.java,
c.java,
d.java,
k.mp3,
l.mp4,
jk.py,a.java,
b.java,
c.java,
d.java,
k.mp3,
l.mp4,
jk.py,a.java,
b.java,
c.java,
d.java,
k.mp3,
l.mp4,
jk.py,a.java,
b.java,
c.java,
d.java,
k.mp3,
l.mp4,
jk.py,a.java,
b.java,
c.java,
d.java,
k.mp3,
l.mp4,
jk.py,a.java,
b.java,
c.java,
d.java,
k.mp3,
l.mp4,
jk.py,
a.java,
b.java,
c.java,
d.java,
k.mp3,
l.mp4,
jk.py,a.java,
b.java,
c.java,
d.java,
k.mp3,
l.mp4,
jk.py,a.java,
b.java,
c.java,
d.java,
k.mp3,
l.mp4,
jk.py,a.java,
b.java,
c.java,
d.java,
k.mp3,
l.mp4,
jk.py,a.java,
b.java,
c.java,
d.java,
k.mp3,
l.mp4,
jk.py,a.java,
b.java,
c.java,
d.java,
k.mp3,
l.mp4,
jk.py,
a.java,
b.java,
c.java,
d.java,
k.mp3,
l.mp4,
jk.py,a.java,
b.java,
c.java,
d.java,
k.mp3,
l.mp4,
jk.py,a.java,
b.java,
c.java,
d.java,
k.mp3,
l.mp4,
jk.py,a.java,
b.java,
c.java,
d.java,
k.mp3,
l.mp4,
jk.py,a.java,
b.java,
c.java,
d.java,
k.mp3,
l.mp4,
jk.py,
a.java,
b.java,
c.java,
d.java,
k.mp3,
l.mp4,
jk.py,
a.java,
b.java,
c.java,
d.java,
k.mp3,
l.mp4,
jk.py,a.java,
b.java,
c.java,
d.java,
k.mp3,
l.mp4,
jk.py,a.java,
b.java,
c.java,
d.java,
k.mp3,
l.mp4,
jk.py,a.java,
b.java,
c.java,
d.java,
k.mp3,
l.mp4,
jk.py,a.java,
b.java,
c.java,
d.java,
k.mp3,
l.mp4,
jk.py,a.java,
b.java,
c.java,
d.java,
k.mp3,
l.mp4,
jk.py,
a.java,
b.java,
c.java,
d.java,
k.mp3,
l.mp4,
jk.py,a.java,
b.java,
c.java,
d.java,
k.mp3,
l.mp4,
jk.py,a.java,
b.java,
c.java,
d.java,
k.mp3,
l.mp4,
jk.py,a.java,
b.java,
c.java,
d.java,
k.mp3,
l.mp4,
jk.py,a.java,
b.java,
c.java,
d.java,
k.mp3,
l.mp4,
jk.py,a.java,
b.java,
c.java,
d.java,
k.mp3,
l.mp4,
jk.py,
a.java,
b.java,
c.java,
d.java,
k.mp3,
l.mp4,
jk.py,a.java,
b.java,
c.java,
d.java,
k.mp3,
l.mp4,
jk.py,a.java,
b.java,
c.java,
d.java,
k.mp3,
l.mp4,
jk.py,a.java,
b.java,
c.java,
d.java,
k.mp3,
l.mp4,
jk.py,a.java,
b.java,
c.java,
d.java,
k.mp3,
l.mp4,
jk.py,a.java,
b.java,
c.java,
d.java,
k.mp3,
l.mp4,
jk.py,
a.java,
b.java,
c.java,
d.java,
k.mp3,
l.mp4,
jk.py,a.java,
b.java,
c.java,
d.java,
k.mp3,
l.mp4,
jk.py,a.java,
b.java,
c.java,
d.java,
k.mp3,
l.mp4,
jk.py,a.java,
b.java,
c.java,
d.java,
k.mp3,
l.mp4,
jk.py,a.java,
b.java,
c.java,
d.java,
k.mp3,
l.mp4,
jk.py,a.java,
b.java,
c.java,
d.java,
k.mp3,
l.mp4,
jk.py,
a.java,
b.java,
c.java,
d.java,
k.mp3,
l.mp4,
jk.py,a.java,
b.java,
c.java,
d.java,
k.mp3,
l.mp4,
jk.py,a.java,
b.java,
c.java,
d.java,
k.mp3,
l.mp4,
jk.py,a.java,
b.java,
c.java,
d.java,
k.mp3,
l.mp4,
jk.py,a.java,
b.java,
c.java,
d.java,
k.mp3,
l.mp4,
jk.py,a.java,
b.java,
c.java,
d.java,
k.mp3,
l.mp4,
jk.py,
a.java,
b.java,
c.java,
d.java,
k.mp3,
l.mp4,
jk.py,a.java,
b.java,
c.java,
d.java,
k.mp3,
l.mp4,
jk.py,a.java,
b.java,
c.java,
d.java,
k.mp3,
l.mp4,
jk.py,a.java,
b.java,
c.java,
d.java,
k.mp3,
l.mp4,
jk.py,a.java,
b.java,
c.java,
d.java,
k.mp3,
l.mp4,
jk.py,a.java,
b.java,
c.java,
d.java,
k.mp3,
l.mp4,
jk.py,
a.java,
b.java,
c.java,
d.java,
k.mp3,
l.mp4,
jk.py,a.java,
b.java,
c.java,
d.java,
k.mp3,
l.mp4,
jk.py,a.java,
b.java,
c.java,
d.java,
k.mp3,
l.mp4,
jk.py,a.java,
b.java,
c.java,
d.java,
k.mp3,
l.mp4,
jk.py,a.java,
b.java,
c.java,
d.java,
k.mp3,
l.mp4,
jk.py,a.java,
b.java,
c.java,
d.java,
k.mp3,
l.mp4,
jk.py,
a.java,
b.java,
c.java,
d.java,
k.mp3,
l.mp4,
jk.py,a.java,
b.java,
c.java,
d.java,
k.mp3,
l.mp4,
jk.py,a.java,
b.java,
c.java,
d.java,
k.mp3,
l.mp4,
jk.py,a.java,
b.java,
c.java,
d.java,
k.mp3,
l.mp4,
jk.py,a.java,
b.java,
c.java,
d.java,
k.mp3,
l.mp4,
jk.py,a.java,
b.java,
c.java,
d.java,
k.mp3,
l.mp4,
jk.py,
a.java,
b.java,
c.java,
d.java,
k.mp3,
l.mp4,
jk.py,a.java,
b.java,
c.java,
d.java,
k.mp3,
l.mp4,
jk.py,a.java,
b.java,
c.java,
d.java,
k.mp3,
l.mp4,
jk.py,a.java,
b.java,
c.java,
d.java,
k.mp3,
l.mp4,
jk.py,a.java,
b.java,
c.java,
d.java,
k.mp3,
l.mp4,
jk.py,a.java,
b.java,
c.java,
d.java,
k.mp3,
l.mp4,
jk.py,
a.java,
b.java,
c.java,
d.java,
k.mp3,
l.mp4,
jk.py,a.java,
b.java,
c.java,
d.java,
k.mp3,
l.mp4,
jk.py,a.java,
b.java,
c.java,
d.java,
k.mp3,
l.mp4,
jk.py,a.java,
b.java,
c.java,
d.java,
k.mp3,
l.mp4,
jk.py,a.java,
b.java,
c.java,
d.java,
k.mp3,
l.mp4,
jk.py,a.java,
b.java,
c.java,
d.java,
k.mp3,
l.mp4,
jk.py,
a.java,
b.java,
c.java,
d.java,
k.mp3,
l.mp4,
jk.py,a.java,
b.java,
c.java,
d.java,
k.mp3,
l.mp4,
jk.py,a.java,
b.java,
c.java,
d.java,
k.mp3,
l.mp4,
jk.py,a.java,
b.java,
c.java,
d.java,
k.mp3,
l.mp4,
jk.py,a.java,
b.java,
c.java,
d.java,
k.mp3,
l.mp4,
jk.py,a.java,
b.java,
c.java,
d.java,
k.mp3,
l.mp4,
jk.py,
a.java,
b.java,
c.java,
d.java,
k.mp3,
l.mp4,
jk.py,a.java,
b.java,
c.java,
d.java,
k.mp3,
l.mp4,
jk.py,a.java,
b.java,
c.java,
d.java,
k.mp3,
l.mp4,
jk.py,a.java,
b.java,
c.java,
d.java,
k.mp3,
l.mp4,
jk.py,a.java,
b.java,
c.java,
d.java,
k.mp3,
l.mp4,
jk.py,a.java,
b.java,
c.java,
d.java,
k.mp3,
l.mp4,
jk.py,
a.java,
b.java,
c.java,
d.java,
k.mp3,
l.mp4,
jk.py,a.java,
b.java,
c.java,
d.java,
k.mp3,
l.mp4,
jk.py,a.java,
b.java,
c.java,
d.java,
k.mp3,
l.mp4,
jk.py,a.java,
b.java,
c.java,
d.java,
k.mp3,
l.mp4,
jk.py,a.java,
b.java,
c.java,
d.java,
k.mp3,
l.mp4,
jk.py,a.java,
b.java,
c.java,
d.java,
k.mp3,
l.mp4,
jk.py,
a.java,
b.java,
c.java,
d.java,
k.mp3,
l.mp4,
jk.py,a.java,
b.java,
c.java,
d.java,
k.mp3,
l.mp4,
jk.py,a.java,
b.java,
c.java,
d.java,
k.mp3,
l.mp4,
jk.py,a.java,
b.java,
c.java,
d.java,
k.mp3,
l.mp4,
jk.py,a.java,
b.java,
c.java,
d.java,
k.mp3,
l.mp4,
jk.py,a.java,
b.java,
c.java,
d.java,
k.mp3,
l.mp4,
jk.py,
a.java,
b.java,
c.java,
d.java,
k.mp3,
l.mp4,
jk.py,a.java,
b.java,
c.java,
d.java,
k.mp3,
l.mp4,
jk.py,a.java,
b.java,
c.java,
d.java,
k.mp3,
l.mp4,
jk.py,a.java,
b.java,
c.java,
d.java,
k.mp3,
l.mp4,
jk.py,a.java,
b.java,
c.java,
d.java,
k.mp3,
l.mp4,
jk.py,a.java,
b.java,
c.java,
d.java,
k.mp3,
l.mp4,
jk.py,
a.java,
b.java,
c.java,
d.java,
k.mp3,
l.mp4,
jk.py,a.java,
b.java,
c.java,
d.java,
k.mp3,
l.mp4,
jk.py,a.java,
b.java,
c.java,
d.java,
k.mp3,
l.mp4,
jk.py,a.java,
b.java,
c.java,
d.java,
k.mp3,
l.mp4,
jk.py,a.java,
b.java,
c.java,
d.java,
k.mp3,
l.mp4,
jk.py,a.java,
b.java,
c.java,
d.java,
k.mp3,
l.mp4,
jk.py,
a.java,
b.java,
c.java,
d.java,
k.mp3,
l.mp4,
jk.py,a.java,
b.java,
c.java,
d.java,
k.mp3,
l.mp4,
jk.py,a.java,
b.java,
c.java,
d.java,
k.mp3,
l.mp4,
jk.py,a.java,
b.java,
c.java,
d.java,
k.mp3,
l.mp4,
jk.py,a.java,
b.java,
c.java,
d.java,
k.mp3,
l.mp4,
jk.py,a.java,
b.java,
c.java,
d.java,
k.mp3,
l.mp4,
jk.py,
a.java,
b.java,
c.java,
d.java,
k.mp3,
l.mp4,
jk.py,a.java,
b.java,
c.java,
d.java,
k.mp3,
l.mp4,
jk.py,a.java,
b.java,
c.java,
d.java,
k.mp3,
l.mp4,
jk.py,a.java,
b.java,
c.java,
d.java,
k.mp3,
l.mp4,
jk.py,a.java,
b.java,
c.java,
d.java,
k.mp3,
l.mp4,
jk.py,a.java,
b.java,
c.java,
d.java,
k.mp3,
l.mp4,
jk.py,
a.java,
b.java,
c.java,
d.java,
k.mp3,
l.mp4,
jk.py,a.java,
b.java,
c.java,
d.java,
k.mp3,
l.mp4,
jk.py,a.java,
b.java,
c.java,
d.java,
k.mp3,
l.mp4,
jk.py,a.java,
b.java,
c.java,
d.java,
k.mp3,
l.mp4,
jk.py,a.java,
b.java,
c.java,
d.java,
k.mp3,
l.mp4,
jk.py,a.java,
b.java,
c.java,
d.java,
k.mp3,
l.mp4,
jk.py,
a.java,
b.java,
c.java,
d.java,
k.mp3,
l.mp4,
jk.py,a.java,
b.java,
c.java,
d.java,
k.mp3,
l.mp4,
jk.py,a.java,
b.java,
c.java,
d.java,
k.mp3,
l.mp4,
jk.py,a.java,
b.java,
c.java,
d.java,
k.mp3,
l.mp4,
jk.py,a.java,
b.java,
c.java,
d.java,
k.mp3,
l.mp4,
jk.py,a.java,
b.java,
c.java,
d.java,
k.mp3,
l.mp4,
jk.py,
a.java,
b.java,
c.java,
d.java,
k.mp3,
l.mp4,
jk.py,a.java,
b.java,
c.java,
d.java,
k.mp3,
l.mp4,
jk.py,a.java,
b.java,
c.java,
d.java,
k.mp3,
l.mp4,
jk.py,a.java,
b.java,
c.java,
d.java,
k.mp3,
l.mp4,
jk.py,a.java,
b.java,
c.java,
d.java,
k.mp3,
l.mp4,
jk.py,a.java,
b.java,
c.java,
d.java,
k.mp3,
l.mp4,
jk.py,
a.java,
b.java,
c.java,
d.java,
k.mp3,
l.mp4,
jk.py,a.java,
b.java,
c.java,
d.java,
k.mp3,
l.mp4,
jk.py,a.java,
b.java,
c.java,
d.java,
k.mp3,
l.mp4,
jk.py,a.java,
b.java,
c.java,
d.java,
k.mp3,
l.mp4,
jk.py,a.java,
b.java,
c.java,
d.java,
k.mp3,
l.mp4,
jk.py,a.java,
b.java,
c.java,
d.java,
k.mp3,
l.mp4,
jk.py,
a.java,
b.java,
c.java,
d.java,
k.mp3,
l.mp4,
jk.py,a.java,
b.java,
c.java,
d.java,
k.mp3,
l.mp4,
jk.py,a.java,
b.java,
c.java,
d.java,
k.mp3,
l.mp4,
jk.py,a.java,
b.java,
c.java,
d.java,
k.mp3,
l.mp4,
jk.py,a.java,
b.java,
c.java,
d.java,
k.mp3,
l.mp4,
jk.py,a.java,
b.java,
c.java,
d.java,
k.mp3,
l.mp4,
jk.py,
a.java,
b.java,
c.java,
d.java,
k.mp3,
l.mp4,
jk.py,a.java,
b.java,
c.java,
d.java,
k.mp3,
l.mp4,
jk.py,a.java,
b.java,
c.java,
d.java,
k.mp3,
l.mp4,
jk.py,a.java,
b.java,
c.java,
d.java,
k.mp3,
l.mp4,
jk.py,a.java,
b.java,
c.java,
d.java,
k.mp3,
l.mp4,
jk.py,a.java,
b.java,
c.java,
d.java,
k.mp3,
l.mp4,
jk.py,
a.java,
b.java,
c.java,
d.java,
k.mp3,
l.mp4,
jk.py,a.java,
b.java,
c.java,
d.java,
k.mp3,
l.mp4,
jk.py,a.java,
b.java,
c.java,
d.java,
k.mp3,
l.mp4,
jk.py,a.java,
b.java,
c.java,
d.java,
k.mp3,
l.mp4,
jk.py,a.java,
b.java,
c.java,
d.java,
k.mp3,
l.mp4,
jk.py,a.java,
b.java,
c.java,
d.java,
k.mp3,
l.mp4,
jk.py,
a.java,
b.java,
c.java,
d.java,
k.mp3,
l.mp4,
jk.py,a.java,
b.java,
c.java,
d.java,
k.mp3,
l.mp4,
jk.py,a.java,
b.java,
c.java,
d.java,
k.mp3,
l.mp4,
jk.py,a.java,
b.java,
c.java,
d.java,
k.mp3,
l.mp4,
jk.py,a.java,
b.java,
c.java,
d.java,
k.mp3,
l.mp4,
jk.py,a.java,
b.java,
c.java,
d.java,
k.mp3,
l.mp4,
jk.py,
a.java,
b.java,
c.java,
d.java,
k.mp3,
l.mp4,
jk.py,a.java,
b.java,
c.java,
d.java,
k.mp3,
l.mp4,
jk.py,a.java,
b.java,
c.java,
d.java,
k.mp3,
l.mp4,
jk.py,a.java,
b.java,
c.java,
d.java,
k.mp3,
l.mp4,
jk.py,a.java,
b.java,
c.java,
d.java,
k.mp3,
l.mp4,
jk.py,a.java,
b.java,
c.java,
d.java,
k.mp3,
l.mp4,
jk.py,
a.java,
b.java,
c.java,
d.java,
k.mp3,
l.mp4,
jk.py,a.java,
b.java,
c.java,
d.java,
k.mp3,
l.mp4,
jk.py,a.java,
b.java,
c.java,
d.java,
k.mp3,
l.mp4,
jk.py,a.java,
b.java,
c.java,
d.java,
k.mp3,
l.mp4,
jk.py,a.java,
b.java,
c.java,
d.java,
k.mp3,
l.mp4,
jk.py,a.java,
b.java,
c.java,
d.java,
k.mp3,
l.mp4,
jk.py,
a.java,
b.java,
c.java,
d.java,
k.mp3,
l.mp4,
jk.py,a.java,
b.java,
c.java,
d.java,
k.mp3,
l.mp4,
jk.py,a.java,
b.java,
c.java,
d.java,
k.mp3,
l.mp4,
jk.py,a.java,
b.java,
c.java,
d.java,
k.mp3,
l.mp4,
jk.py,a.java,
b.java,
c.java,
d.java,
k.mp3,
l.mp4,
jk.py,a.java,
b.java,
c.java,
d.java,
k.mp3,
l.mp4,
jk.py,
a.java,
b.java,
c.java,
d.java,
k.mp3,
l.mp4,
jk.py,a.java,
b.java,
c.java,
d.java,
k.mp3,
l.mp4,
jk.py,a.java,
b.java,
c.java,
d.java,
k.mp3,
l.mp4,
jk.py,a.java,
b.java,
c.java,
d.java,
k.mp3,
l.mp4,
jk.py,a.java,
b.java,
c.java,
d.java,
k.mp3,
l.mp4,
jk.py,a.java,
b.java,
c.java,
d.java,
k.mp3,
l.mp4,
jk.py,
a.java,
b.java,
c.java,
d.java,
k.mp3,
l.mp4,
jk.py,a.java,
b.java,
c.java,
d.java,
k.mp3,
l.mp4,
jk.py,a.java,
b.java,
c.java,
d.java,
k.mp3,
l.mp4,
jk.py,a.java,
b.java,
c.java,
d.java,
k.mp3,
l.mp4,
jk.py,a.java,
b.java,
c.java,
d.java,
k.mp3,
l.mp4,
jk.py,a.java,
b.java,
c.java,
d.java,
k.mp3,
l.mp4,
jk.py,
a.java,
b.java,
c.java,
d.java,
k.mp3,
l.mp4,
jk.py,a.java,
b.java,
c.java,
d.java,
k.mp3,
l.mp4,
jk.py,a.java,
b.java,
c.java,
d.java,
k.mp3,
l.mp4,
jk.py,a.java,
b.java,
c.java,
d.java,
k.mp3,
l.mp4,
jk.py,a.java,
b.java,
c.java,
d.java,
k.mp3,
l.mp4,
jk.py,a.java,
b.java,
c.java,
d.java,
k.mp3,
l.mp4,
jk.py,
a.java,
b.java,
c.java,
d.java,
k.mp3,
l.mp4,
jk.py,a.java,
b.java,
c.java,
d.java,
k.mp3,
l.mp4,
jk.py,a.java,
b.java,
c.java,
d.java,
k.mp3,
l.mp4,
jk.py,a.java,
b.java,
c.java,
d.java,
k.mp3,
l.mp4,
jk.py,a.java,
b.java,
c.java,
d.java,
k.mp3,
l.mp4,
jk.py,a.java,
b.java,
c.java,
d.java,
k.mp3,
l.mp4,
jk.py,
a.java,
b.java,
c.java,
d.java,
k.mp3,
l.mp4,
jk.py,a.java,
b.java,
c.java,
d.java,
k.mp3,
l.mp4,
jk.py,a.java,
b.java,
c.java,
d.java,
k.mp3,
l.mp4,
jk.py,a.java,
b.java,
c.java,
d.java,
k.mp3,
l.mp4,
jk.py,a.java,
b.java,
c.java,
d.java,
k.mp3,
l.mp4,
jk.py,a.java,
b.java,
c.java,
d.java,
k.mp3,
l.mp4,
jk.py,
a.java,
b.java,
c.java,
d.java,
k.mp3,
l.mp4,
jk.py,a.java,
b.java,
c.java,
d.java,
k.mp3,
l.mp4,
jk.py,a.java,
b.java,
c.java,
d.java,
k.mp3,
l.mp4,
jk.py,a.java,
b.java,
c.java,
d.java,
k.mp3,
l.mp4,
jk.py,a.java,
b.java,
c.java,
d.java,
k.mp3,
l.mp4,
jk.py,a.java,
b.java,
c.java,
d.java,
k.mp3,
l.mp4,
jk.py,
a.java,
b.java,
c.java,
d.java,
k.mp3,
l.mp4,
jk.py,a.java,
b.java,
c.java,
d.java,
k.mp3,
l.mp4,
jk.py,a.java,
b.java,
c.java,
d.java,
k.mp3,
l.mp4,
jk.py,a.java,
b.java,
c.java,
d.java,
k.mp3,
l.mp4,
jk.py,a.java,
b.java,
c.java,
d.java,
k.mp3,
l.mp4,
jk.py,a.java,
b.java,
c.java,
d.java,
k.mp3,
l.mp4,
jk.py,
a.java,
b.java,
c.java,
d.java,
k.mp3,
l.mp4,
jk.py,a.java,
b.java,
c.java,
d.java,
k.mp3,
l.mp4,
jk.py,a.java,
b.java,
c.java,
d.java,
k.mp3,
l.mp4,
jk.py,a.java,
b.java,
c.java,
d.java,
k.mp3,
l.mp4,
jk.py,a.java,
b.java,
c.java,
d.java,
k.mp3,
l.mp4,
jk.py,a.java,
b.java,
c.java,
d.java,
k.mp3,
l.mp4,
jk.py,
a.java,
b.java,
c.java,
d.java,
k.mp3,
l.mp4,
jk.py,a.java,
b.java,
c.java,
d.java,
k.mp3,
l.mp4,
jk.py,a.java,
b.java,
c.java,
d.java,
k.mp3,
l.mp4,
jk.py,a.java,
b.java,
c.java,
d.java,
k.mp3,
l.mp4,
jk.py,a.java,
b.java,
c.java,
d.java,
k.mp3,
l.mp4,
jk.py,a.java,
b.java,
c.java,
d.java,
k.mp3,
l.mp4,
jk.py,
a.java,
b.java,
c.java,
d.java,
k.mp3,
l.mp4,
jk.py,a.java,
b.java,
c.java,
d.java,
k.mp3,
l.mp4,
jk.py,a.java,
b.java,
c.java,
d.java,
k.mp3,
l.mp4,
jk.py,a.java,
b.java,
c.java,
d.java,
k.mp3,
l.mp4,
jk.py,a.java,
b.java,
c.java,
d.java,
k.mp3,
l.mp4,
jk.py,a.java,
b.java,
c.java,
d.java,
k.mp3,
l.mp4,
jk.py,
a.java,
b.java,
c.java,
d.java,
k.mp3,
l.mp4,
jk.py,a.java,
b.java,
c.java,
d.java,
k.mp3,
l.mp4,
jk.py,a.java,
b.java,
c.java,
d.java,
k.mp3,
l.mp4,
jk.py,a.java,
b.java,
c.java,
d.java,
k.mp3,
l.mp4,
jk.py,a.java,
b.java,
c.java,
d.java,
k.mp3,
l.mp4,
jk.py,a.java,
b.java,
c.java,
d.java,
k.mp3,
l.mp4,
jk.py,
a.java,
b.java,
c.java,
d.java,
k.mp3,
l.mp4,
jk.py,a.java,
b.java,
c.java,
d.java,
k.mp3,
l.mp4,
jk.py,a.java,
b.java,
c.java,
d.java,
k.mp3,
l.mp4,
jk.py,a.java,
b.java,
c.java,
d.java,
k.mp3,
l.mp4,
jk.py,a.java,
b.java,
c.java,
d.java,
k.mp3,
l.mp4,
jk.py,a.java,
b.java,
c.java,
d.java,
k.mp3,
l.mp4,
jk.py,
a.java,
b.java,
c.java,
d.java,
k.mp3,
l.mp4,
jk.py,a.java,
b.java,
c.java,
d.java,
k.mp3,
l.mp4,
jk.py,a.java,
b.java,
c.java,
d.java,
k.mp3,
l.mp4,
jk.py,a.java,
b.java,
c.java,
d.java,
k.mp3,
l.mp4,
jk.py,a.java,
b.java,
c.java,
d.java,
k.mp3,
l.mp4,
jk.py,a.java,
b.java,
c.java,
d.java,
k.mp3,
l.mp4,
jk.py,
a.java,
b.java,
c.java,
d.java,
k.mp3,
l.mp4,
jk.py,a.java,
b.java,
c.java,
d.java,
k.mp3,
l.mp4,
jk.py,a.java,
b.java,
c.java,
d.java,
k.mp3,
l.mp4,
jk.py,a.java,
b.java,
c.java,
d.java,
k.mp3,
l.mp4,
jk.py,a.java,
b.java,
c.java,
d.java,
k.mp3,
l.mp4,
jk.py,a.java,
b.java,
c.java,
d.java,
k.mp3,
l.mp4,
jk.py,
a.java,
b.java,
c.java,
d.java,
k.mp3,
l.mp4,
jk.py,a.java,
b.java,
c.java,
d.java,
k.mp3,
l.mp4,
jk.py,a.java,
b.java,
c.java,
d.java,
k.mp3,
l.mp4,
jk.py,a.java,
b.java,
c.java,
d.java,
k.mp3,
l.mp4,
jk.py,a.java,
b.java,
c.java,
d.java,
k.mp3,
l.mp4,
jk.py,a.java,
b.java,
c.java,
d.java,
k.mp3,
l.mp4,
jk.py,
a.java,
b.java,
c.java,
d.java,
k.mp3,
l.mp4,
jk.py,a.java,
b.java,
c.java,
d.java,
k.mp3,
l.mp4,
jk.py,a.java,
b.java,
c.java,
d.java,
k.mp3,
l.mp4,
jk.py,a.java,
b.java,
c.java,
d.java,
k.mp3,
l.mp4,
jk.py,a.java,
b.java,
c.java,
d.java,
k.mp3,
l.mp4,
jk.py,a.java,
b.java,
c.java,
d.java,
k.mp3,
l.mp4,
jk.py,
a.java,
b.java,
c.java,
d.java,
k.mp3,
l.mp4,
jk.py,a.java,
b.java,
c.java,
d.java,
k.mp3,
l.mp4,
jk.py,a.java,
b.java,
c.java,
d.java,
k.mp3,
l.mp4,
jk.py,a.java,
b.java,
c.java,
d.java,
k.mp3,
l.mp4,
jk.py,a.java,
b.java,
c.java,
d.java,
k.mp3,
l.mp4,
jk.py,a.java,
b.java,
c.java,
d.java,
k.mp3,
l.mp4,
jk.py,
a.java,
b.java,
c.java,
d.java,
k.mp3,
l.mp4,
jk.py,a.java,
b.java,
c.java,
d.java,
k.mp3,
l.mp4,
jk.py,a.java,
b.java,
c.java,
d.java,
k.mp3,
l.mp4,
jk.py,a.java,
b.java,
c.java,
d.java,
k.mp3,
l.mp4,
jk.py,a.java,
b.java,
c.java,
d.java,
k.mp3,
l.mp4,
jk.py,a.java,
b.java,
c.java,
d.java,
k.mp3,
l.mp4,
jk.py,
a.java,
b.java,
c.java,
d.java,
k.mp3,
l.mp4,
jk.py,a.java,
b.java,
c.java,
d.java,
k.mp3,
l.mp4,
jk.py,a.java,
b.java,
c.java,
d.java,
k.mp3,
l.mp4,
jk.py,a.java,
b.java,
c.java,
d.java,
k.mp3,
l.mp4,
jk.py,a.java,
b.java,
c.java,
d.java,
k.mp3,
l.mp4,
jk.py,